{"loss": [31303.6328125, 2062.534912109375, 485.19677734375, 72.87005615234375, 29.2369384765625, 24.8592586517334, 23.923505783081055, 23.67991828918457, 23.559465408325195, 23.480195999145508, 23.418045043945312, 23.365615844726562, 23.318693161010742, 23.276611328125, 23.235443115234375, 23.195837020874023, 23.160934448242188, 23.12848663330078, 23.09859848022461, 23.069555282592773, 23.040874481201172, 23.013654708862305, 22.989463806152344, 22.966957092285156, 22.94740104675293, 22.929763793945312, 22.913196563720703, 22.897090911865234, 22.880735397338867, 22.866262435913086, 22.8493595123291, 22.833139419555664, 22.813201904296875, 22.7883358001709, 22.757532119750977, 22.722036361694336, 22.68191146850586, 22.646696090698242, 22.61785125732422, 22.593143463134766, 22.57178497314453, 22.552528381347656, 22.53577995300293, 22.514497756958008, 22.502103805541992, 22.493114471435547, 22.485990524291992, 22.477781295776367, 22.471391677856445, 22.4649658203125, 22.458972930908203, 22.452255249023438, 22.44765281677246, 22.441814422607422, 22.43638801574707, 22.43095588684082, 22.425296783447266, 22.41931915283203, 22.41361427307129, 22.407825469970703, 22.402109146118164, 22.396503448486328, 22.390470504760742, 22.38518524169922, 22.379188537597656, 22.373857498168945, 22.36822509765625, 22.362525939941406, 22.356170654296875, 22.34954833984375, 22.341651916503906, 22.33452796936035, 22.327369689941406, 22.319034576416016, 22.31105613708496, 22.3035888671875, 22.29596710205078, 22.287899017333984, 22.27942657470703, 22.270565032958984, 22.261560440063477, 22.25173568725586, 22.24256706237793, 22.233030319213867, 22.222091674804688, 22.19122314453125, 22.14394760131836, 22.112998962402344, 22.095869064331055, 22.082271575927734, 22.069297790527344, 22.056978225708008, 22.043298721313477, 22.03046989440918, 22.015647888183594, 22.001598358154297, 21.988523483276367, 21.974788665771484, 21.958921432495117, 21.944316864013672], "accuracy": [0.0, 0.0, 0.0, 0.0, 0.0, 0.0, 0.0, 0.0, 0.0, 0.0, 0.0, 0.0, 0.0, 0.0, 0.0, 0.0, 0.0, 0.0, 0.0, 0.0, 0.0, 0.0, 0.0, 0.0, 0.0, 0.0, 0.0, 0.0, 0.0, 0.0, 0.0, 0.0, 0.0, 0.0, 0.0, 0.0, 0.0, 0.0, 0.0, 0.0, 0.0, 0.0, 0.0, 0.0, 0.0, 0.0, 0.0, 0.0, 0.0, 0.0, 0.0, 0.0, 0.0, 0.0, 0.0, 0.0, 0.0, 0.0, 0.0, 0.0, 0.0, 0.0, 0.0, 0.0, 0.0, 0.0, 0.0, 0.0, 0.0, 0.0, 0.0, 0.0, 0.0, 0.0, 0.0, 0.0, 0.0, 0.0, 0.0, 0.0, 0.0, 0.0, 0.0, 0.0, 0.0, 0.0, 0.0, 0.0, 0.0, 0.0, 0.0, 0.0, 0.0, 0.0, 0.0, 0.0, 0.0, 0.0, 0.0, 0.0]}