{"loss": [75721.2265625, 32200.337890625, 10396.333984375, 4780.73828125, 2649.819091796875, 1730.81103515625, 1125.2138671875, 717.583251953125, 451.8800048828125, 279.5638427734375, 164.83815002441406, 91.02352142333984, 53.391319274902344, 37.83273696899414, 31.118343353271484, 27.86348533630371, 26.2646484375, 25.40142059326172, 24.88438606262207, 24.54170036315918, 24.29432487487793, 24.113203048706055, 23.97621726989746, 23.876277923583984, 23.792922973632812, 23.727710723876953, 23.65584373474121, 23.584928512573242, 23.533367156982422, 23.49618148803711, 23.468276977539062, 23.447193145751953, 23.426939010620117, 23.410663604736328, 23.39615249633789, 23.3815975189209, 23.36971092224121, 23.35678482055664, 23.34486961364746, 23.334636688232422, 23.322547912597656, 23.312759399414062, 23.304197311401367, 23.296241760253906, 23.287086486816406, 23.276670455932617, 23.266782760620117, 23.257917404174805, 23.251060485839844, 23.242555618286133, 23.236066818237305, 23.22810935974121, 23.221965789794922, 23.21576690673828, 23.209009170532227, 23.203899383544922, 23.198583602905273, 23.193506240844727, 23.187883377075195, 23.183835983276367, 23.175968170166016, 23.174009323120117, 23.16866111755371, 23.162946701049805, 23.156862258911133, 23.153024673461914, 23.147275924682617, 23.142967224121094, 23.14008140563965, 23.13395881652832, 23.130037307739258, 23.129257202148438, 23.123443603515625, 23.1187744140625, 23.115150451660156, 23.1120662689209, 23.108386993408203, 23.105491638183594, 23.10257339477539, 23.09798812866211, 23.093162536621094, 23.08765983581543, 23.082427978515625, 23.077688217163086, 23.0751953125, 23.071243286132812, 23.068601608276367, 23.06428337097168, 23.06278419494629, 23.059253692626953, 23.056306838989258, 23.054840087890625, 23.051054000854492, 23.048973083496094, 23.045726776123047, 23.044498443603516, 23.039642333984375, 23.0373592376709, 23.03499412536621, 23.032575607299805], "accuracy": [0.0, 0.0, 0.0, 0.0, 0.0, 0.0, 0.0, 0.0, 0.0, 0.0, 0.0, 0.0, 0.0, 0.0, 0.0, 0.0, 0.0, 0.0, 0.0, 0.0, 0.0, 0.0, 0.0, 0.0, 0.0, 0.0, 0.0, 0.0, 0.0, 0.0, 0.0, 0.0, 0.0, 0.0, 0.0, 0.0, 0.0, 0.0, 0.0, 0.0, 0.0, 0.0, 0.0, 0.0, 0.0, 0.0, 0.0, 0.0, 0.0, 0.0, 0.0, 0.0, 0.0, 0.0, 0.0, 0.0, 0.0, 0.0, 0.0, 0.0, 0.0, 0.0, 0.0, 0.0, 0.0, 0.0, 0.0, 0.0, 0.0, 0.0, 0.0, 0.0, 0.0, 0.0, 0.0, 0.0, 0.0, 0.0, 0.0, 0.0, 0.0, 0.0, 0.0, 0.0, 0.0, 0.0, 0.0, 0.0, 0.0, 0.0, 0.0, 0.0, 0.0, 0.0, 0.0, 0.0, 0.0, 0.0, 0.0, 0.0]}