{"loss": [39129.42578125, 4475.9833984375, 699.5243530273438, 70.70835876464844, 33.96324920654297, 30.67803192138672, 29.967992782592773, 29.78736686706543, 29.711469650268555, 29.65500831604004, 29.608253479003906, 29.564664840698242, 29.52337074279785, 29.481548309326172, 29.439821243286133, 29.391887664794922, 29.33016586303711, 29.198177337646484, 28.904775619506836, 28.70263671875, 28.62672996520996, 28.582324981689453, 28.54854393005371, 28.51997947692871, 28.49481201171875, 28.47052001953125, 28.448322296142578, 28.426652908325195, 28.406503677368164, 28.387500762939453, 28.37006187438965, 28.35371208190918, 28.338045120239258, 28.322587966918945, 28.30778694152832, 28.29449462890625, 28.2802791595459, 28.266681671142578, 28.252788543701172, 28.239992141723633, 28.225814819335938, 28.21392059326172, 28.201398849487305, 28.18851661682129, 28.17754364013672, 28.164087295532227, 28.15152931213379, 28.13833236694336, 28.123538970947266, 28.110261917114258, 28.096105575561523, 28.079465866088867, 28.06344223022461, 28.046445846557617, 28.024139404296875, 27.991762161254883, 27.919105529785156, 27.85471534729004, 27.834880828857422, 27.825347900390625, 27.81766700744629, 27.810089111328125, 27.80441665649414, 27.79775047302246, 27.792098999023438, 27.786117553710938, 27.780193328857422, 27.77447509765625, 27.769298553466797, 27.764347076416016, 27.759504318237305, 27.75464630126953, 27.749740600585938, 27.745885848999023, 27.741491317749023, 27.73756217956543, 27.7335147857666, 27.731220245361328, 27.727184295654297, 27.723400115966797, 27.720930099487305, 27.71783447265625, 27.71527099609375, 27.712026596069336, 27.70903205871582, 27.705961227416992, 27.704084396362305, 27.702129364013672, 27.699851989746094, 27.69687843322754, 27.694711685180664, 27.69269371032715, 27.691431045532227, 27.68838119506836, 27.68693733215332, 27.684829711914062, 27.68329620361328, 27.681581497192383, 27.679431915283203, 27.677492141723633], "accuracy": [0.0, 0.0, 0.0, 0.0, 0.0, 0.0, 0.0, 0.0, 0.0, 0.0, 0.0, 0.0, 0.0, 0.0, 0.0, 0.0, 0.0, 0.0, 0.0, 0.0, 0.0, 0.0, 0.0, 0.0, 0.0, 0.0, 0.0, 0.0, 0.0, 0.0, 0.0, 0.0, 0.0, 0.0, 0.0, 0.0, 0.0, 0.0, 0.0, 0.0, 0.0, 0.0, 0.0, 0.0, 0.0, 0.0, 0.0, 0.0, 0.0, 0.0, 0.0, 0.0, 0.0, 0.0, 0.0, 0.0, 0.0, 0.0, 0.0, 0.0, 0.0, 0.0, 0.0, 0.0, 0.0, 0.0, 0.0, 0.0, 0.0, 0.0, 0.0, 0.0, 0.0, 0.0, 0.0, 0.0, 0.0, 0.0, 0.0, 0.0, 0.0, 0.0, 0.0, 0.0, 0.0, 0.0, 0.0, 0.0, 0.0, 0.0, 0.0, 0.0, 0.0, 0.0, 0.0, 0.0, 0.0, 0.0, 0.0, 0.0]}